deployment_pct,log1p_mismatch,density
10,0.0230756025842063,1.0
10,0.0692268077526189,0.002444625527816875
10,0.1153780129210315,0.001481591228979924
10,0.1615292180894441,0.0011852729831839399
10,0.20768042325785668,0.0008148751759389585
10,0.2538316284262693,0.0003703978072449809
10,0.2999828335946819,0.0009630342988369509
10,0.34613403876309445,0.00037039780724498116
10,0.3922852439315071,0.0005185569301429736
10,0.43843644909991963,0.0005185569301429736
10,0.4845876542683323,0.0007407956144899623
10,0.5307388594367448,0.0007407956144899614
10,0.5768900646051575,0.0004444773686939779
10,0.6230412697735701,0.0005926364915919691
10,0.6691924749419826,0.0005185569301429741
10,0.7153436801103952,0.0007407956144899614
10,0.7614948852788079,0.0008148751759389575
10,0.8076460904472205,0.0006667160530409668
10,0.853797295615633,0.0006667160530409652
10,0.8999485007840456,0.0003703978072449816
10,0.9460997059524583,0.0005926364915919691
10,0.9922509111208708,0.00022223868434698894
10,1.0384021162892834,0.0005926364915919705
10,1.0845533214576961,0.0003703978072449798
10,1.1307045266261087,0.0005185569301429741
10,1.1768557317945212,0.0005926364915919705
10,1.2230069369629337,0.0002222386843469879
10,1.2691581421313465,0.0004444773686939779
10,1.315309347299759,0.0008889547373879558
10,1.3614605524681715,0.0007407956144899632
10,1.4076117576365843,0.0005926364915919677
10,1.4537629628049968,0.0008148751759389594
10,1.4999141679734094,0.0011111934217349448
10,1.546065373141822,0.0009630342988369476
10,1.5922165783102347,0.0006667160530409668
10,1.6383677834786472,0.0007407956144899632
10,1.6845189886470597,0.0011111934217349448
10,1.7306701938154725,0.001629750351877911
10,1.776821398983885,0.002370545966367882
10,1.8229726041522976,0.002518705089265875
10,1.86912380932071,0.005037410178531725
10,1.9152750144891229,0.007259797022001639
10,1.9614262196575354,0.018668049485147074
10,2.007577424825948,0.053485443366175334
10,2.0537286299943602,0.18401363063930687
10,2.099879835162773,0.16238239869619991
10,2.1460310403311857,0.015927105711534054
10,2.1921822454995983,0.007407956144899631
10,2.2383334506680113,0.005852285354470709
10,2.2844846558364234,0.0031113415808578454
10,2.3306358610048363,0.0017038299133269154
10,2.3767870661732484,0.0022223868434698897
10,2.4229382713416614,0.0028150233350618596
10,2.469089476510074,0.0020001481591228813
10,2.5152406816784865,0.002000148159122901
10,2.5613918868468994,0.001185272983183941
10,2.6075430920153115,0.000963034298836952
10,2.6536942971837245,0.001185272983183941
10,2.6998455023521366,0.0008889547373879558
10,2.7459967075205496,0.0008889547373879558
10,2.792147912688962,0.0011852729831839297
10,2.8382991178573747,0.000963034298836952
10,2.8844503230257876,0.001185272983183941
10,2.9306015281941997,0.0010371138602859483
10,2.9767527333626127,0.0010371138602859483
10,3.022903938531025,0.0008889547373879558
10,3.0690551436994378,0.0005926364915919705
10,3.1152063488678503,0.0010371138602859385
10,3.161357554036263,0.000963034298836952
10,3.207508759204676,0.000963034298836952
10,3.253659964373088,0.0011111934217349448
10,3.299811169541501,0.0010371138602859483
10,3.345962374709913,0.000963034298836952
10,3.392113579878326,0.0005926364915919705
10,3.4382647850467385,0.0009630342988369428
10,3.484415990215151,0.0006667160530409668
10,3.530567195383564,0.0008148751759389594
10,3.576718400551976,0.0010371138602859483
10,3.622869605720389,0.0005926364915919705
10,3.669020810888801,0.0008889547373879558
10,3.715172016057214,0.000963034298836952
10,3.7613232212256267,0.001481591228979912
10,3.807474426394039,0.001185272983183941
10,3.853625631562452,0.00029631824579598524
10,3.8997768367308643,0.0006667160530409668
10,3.9459280418992773,0.0005926364915919705
10,3.99207924706769,0.000740795614489956
10,4.038230452236102,0.0004444773686939822
10,4.084381657404515,0.0005926364915919648
10,4.130532862572927,0.0004444773686939822
10,4.1766840677413395,0.0005926364915919648
10,4.2228352729097525,0.0007407956144899702
10,4.2689864780781654,0.0002963182457959824
10,4.3151376832465775,0.0005926364915919648
10,4.3612888884149905,0.0004444773686939822
10,4.4074400935834035,0.0002963182457959824
10,4.453591298751816,0.0004444773686939822
10,4.499742503920228,7.40795614489956e-05
10,4.545893709088641,7.407956144899703e-05
10,4.592044914257054,0.0021483072820208727
15,0.0230756025842063,1.0
15,0.0692268077526189,0.0030004616094783817
15,0.1153780129210315,0.002769656870287736
15,0.1615292180894441,0.0024619172180335444
15,0.20768042325785668,0.0019233728265887061
15,0.2538316284262693,0.0011540236959532231
15,0.2999828335946819,0.0011540236959532238
15,0.34613403876309445,0.0008462840436990307
15,0.3922852439315071,0.0006924142175719341
15,0.43843644909991963,0.000923218956762579
15,0.4845876542683323,0.0011540236959532238
15,0.5307388594367448,0.000923218956762578
15,0.5768900646051575,0.0006924142175719351
15,0.6230412697735701,0.000923218956762578
15,0.6691924749419826,0.001538698261270967
15,0.7153436801103952,0.0003846745653177408
15,0.7614948852788079,0.0013078935220803185
15,0.8076460904472205,0.0010001538698261284
15,0.853797295615633,0.0008462840436990297
15,0.8999485007840456,0.0008462840436990318
15,0.9460997059524583,0.0013848284351438667
15,0.9922509111208708,0.0009232189567625801
15,1.0384021162892834,0.0016156331743345154
15,1.0845533214576961,0.0010001538698261236
15,1.1307045266261087,0.0010770887828896766
15,1.1768557317945212,0.0008462840436990318
15,1.2230069369629337,0.0010001538698261236
15,1.2691581421313465,0.0008462840436990318
15,1.315309347299759,0.0007693491306354835
15,1.3614605524681715,0.0009232189567625801
15,1.4076117576365843,0.0007693491306354797
15,1.4537629628049968,0.0010001538698261284
15,1.4999141679734094,0.0012309586090167735
15,1.546065373141822,0.0013078935220803155
15,1.5922165783102347,0.001538698261270967
15,1.6383677834786472,0.001307893522080322
15,1.6845189886470597,0.0013848284351438702
15,1.7306701938154725,0.0016925680873980554
15,1.776821398983885,0.002615787044160644
15,1.8229726041522976,0.0027696568702877404
15,1.86912380932071,0.005539313740575454
15,1.9152750144891229,0.007539621480227738
15,1.9614262196575354,0.0186182489613787
15,2.007577424825948,0.05262348053546707
15,2.0537286299943602,0.18372057239575343
15,2.099879835162773,0.1602554239113712
15,2.1460310403311857,0.017387290352361758
15,2.1921822454995983,0.010078473611324832
15,2.2383334506680113,0.007078012001846448
15,2.2844846558364234,0.004923834436067094
15,2.3306358610048363,0.004154485305431611
15,2.3767870661732484,0.0027696568702877404
15,2.4229382713416614,0.003923680566240965
15,2.469089476510074,0.0030004616094783565
15,2.5152406816784865,0.00230804739190645
15,2.5613918868468994,0.001307893522080322
15,2.6075430920153115,0.002461917218033547
15,2.6536942971837245,0.0020772426527158054
15,2.6998455023521366,0.0013848284351438702
15,2.7459967075205496,0.0020772426527158054
15,2.792147912688962,0.002461917218033523
15,2.8382991178573747,0.0021541775657793532
15,2.8844503230257876,0.0026927219572241918
15,2.9306015281941997,0.001538698261270967
15,2.9767527333626127,0.001538698261270967
15,3.022903938531025,0.001769503000461612
15,3.0690551436994378,0.001154023695953225
15,3.1152063488678503,0.0020003077396522377
15,3.161357554036263,0.0010770887828896766
15,3.207508759204676,0.0019233728265887085
15,3.253659964373088,0.001307893522080322
15,3.299811169541501,0.0014617633482074184
15,3.345962374709913,0.002384982304969999
15,3.392113579878326,0.0019233728265887085
15,3.4382647850467385,0.0018464379135251425
15,3.484415990215151,0.0016156331743345154
15,3.530567195383564,0.002231112478842902
15,3.576718400551976,0.0013848284351438702
15,3.622869605720389,0.0013848284351438702
15,3.669020810888801,0.001538698261270967
15,3.715172016057214,0.001307893522080322
15,3.7613232212256267,0.001538698261270952
15,3.807474426394039,0.0016156331743345154
15,3.853625631562452,0.0016925680873980636
15,3.8997768367308643,0.0014617633482074184
15,3.9459280418992773,0.001307893522080322
15,3.99207924706769,0.0013848284351438568
15,4.038230452236102,0.0020003077396522763
15,4.084381657404515,0.0016156331743344997
15,4.130532862572927,0.0010770887828896872
15,4.1766840677413395,0.0010001538698261188
15,4.2228352729097525,0.0006154793045083926
15,4.2689864780781654,0.0008462840436990236
15,4.3151376832465775,0.0010001538698261188
15,4.3612888884149905,0.0008462840436990398
15,4.4074400935834035,0.000769349130635476
15,4.453591298751816,0.0006924142175719417
15,4.499742503920228,0.0005385443914448332
15,4.545893709088641,7.693491306354908e-05
15,4.592044914257054,0.0022311124788428807
20,0.0230756025842063,1.0
20,0.0692268077526189,0.007028440666884603
20,0.1153780129210315,0.005312193527296501
20,0.1615292180894441,0.0036776724419745025
20,0.20768042325785668,0.002615233736515202
20,0.2538316284262693,0.0027786858450473996
20,0.2999828335946819,0.003105590062111802
20,0.34613403876309445,0.002206603465184701
20,0.3922852439315071,0.0028604118993135015
20,0.43843644909991963,0.002451781627983001
20,0.4845876542683323,0.002043151356652501
20,0.5307388594367448,0.001716247139588099
20,0.5768900646051575,0.0020431513566525035
20,0.6230412697735701,0.0018796992481202985
20,0.6691924749419826,0.0019614253023864034
20,0.7153436801103952,0.0023700555737168985
20,0.7614948852788079,0.0017979731938541988
20,0.8076460904472205,0.0018796992481203035
20,0.853797295615633,0.001225890813991499
20,0.8999485007840456,0.0021248774109186037
20,0.9460997059524583,0.0020431513566524988
20,0.9922509111208708,0.0016345210853220028
20,1.0384021162892834,0.0009807126511932017
20,1.0845533214576961,0.0013893429225236957
20,1.1307045266261087,0.0021248774109186037
20,1.1768557317945212,0.0013893429225237026
20,1.2230069369629337,0.002206603465184693
20,1.2691581421313465,0.0019614253023864034
20,1.315309347299759,0.0008172605426610014
20,1.3614605524681715,0.0024517816279830042
20,1.4076117576365843,0.0009807126511931971
20,1.4537629628049968,0.0012258908139915021
20,1.4999141679734094,0.0018796992481203035
20,1.546065373141822,0.0013893429225236957
20,1.5922165783102347,0.0008989865969271016
20,1.6383677834786472,0.0017162471395881032
20,1.6845189886470597,0.002288329519450804
20,1.7306701938154725,0.0023700555737168924
20,1.776821398983885,0.002533507682249105
20,1.8229726041522976,0.003759398496240607
20,1.86912380932071,0.004903563255965985
20,1.9152750144891229,0.007191892775416812
20,1.9614262196575354,0.018633540372670832
20,2.007577424825948,0.053448839490029494
20,2.0537286299943602,0.17987904543968639
20,2.099879835162773,0.1584668192219682
20,2.1460310403311857,0.02190258254331463
20,2.1921822454995983,0.013893429225237024
20,2.2383334506680113,0.009888852566198116
20,2.2844846558364234,0.008172605426610014
20,2.3306358610048363,0.00588427590715921
20,2.3767870661732484,0.00588427590715921
20,2.4229382713416614,0.00572082379862701
20,2.469089476510074,0.004413206930369365
20,2.5152406816784865,0.004168028767571107
20,2.5613918868468994,0.0043314808761033075
20,2.6075430920153115,0.003595946387708406
20,2.6536942971837245,0.0038411245505067066
20,2.6998455023521366,0.004086302713305007
20,2.7459967075205496,0.0031873161163779055
20,2.792147912688962,0.003432494279176173
20,2.8382991178573747,0.002942137953579605
20,2.8844503230257876,0.0033507682249101062
20,2.9306015281941997,0.0033507682249101062
20,2.9767527333626127,0.002288329519450804
20,3.022903938531025,0.002533507682249105
20,3.0690551436994378,0.0031055900621118054
20,3.1152063488678503,0.002778685845047378
20,3.161357554036263,0.0024517816279830042
20,3.207508759204676,0.0021248774109186037
20,3.253659964373088,0.003595946387708406
20,3.299811169541501,0.0024517816279830042
20,3.345962374709913,0.003595946387708406
20,3.392113579878326,0.0026969597907813042
20,3.4382647850467385,0.002288329519450782
20,3.484415990215151,0.0024517816279830042
20,3.530567195383564,0.002370055573716904
20,3.576718400551976,0.002370055573716904
20,3.622869605720389,0.002288329519450804
20,3.669020810888801,0.0024517816279830042
20,3.715172016057214,0.003514220333442306
20,3.7613232212256267,0.0025335076822490805
20,3.807474426394039,0.002533507682249105
20,3.853625631562452,0.0026152337365152045
20,3.8997768367308643,0.002206603465184704
20,3.9459280418992773,0.0018796992481203035
20,3.99207924706769,0.0026152337365151794
20,4.038230452236102,0.002288329519450826
20,4.084381657404515,0.0023700555737168815
20,4.130532862572927,0.002206603465184725
20,4.1766840677413395,0.0024517816279829804
20,4.2228352729097525,0.0020431513566525235
20,4.2689864780781654,0.0014710689767897884
20,4.3151376832465775,0.0009807126511931924
20,4.3612888884149905,0.0013893429225237156
20,4.4074400935834035,0.0013076168682575897
20,4.453591298751816,0.0009807126511932112
20,4.499742503920228,0.0008172605426609935
20,4.545893709088641,0.0004903563255966056
20,4.592044914257054,0.0023700555737168815
30,0.0230756025842063,1.0
30,0.0692268077526189,0.020946709107711268
30,0.1153780129210315,0.013861792791867746
30,0.1615292180894441,0.012526953485984189
30,0.20768042325785668,0.010884074340281347
30,0.2538316284262693,0.008214395728514219
30,0.2999828335946819,0.006058116849779239
30,0.34613403876309445,0.008214395728514224
30,0.3922852439315071,0.008933155354759218
30,0.43843644909991963,0.006776876476024234
30,0.4845876542683323,0.008419755621727079
30,0.5307388594367448,0.006776876476024226
30,0.5768900646051575,0.007187596262449953
30,0.6230412697735701,0.008111715781907785
30,0.6691924749419826,0.005852756956566391
30,0.7153436801103952,0.006058116849779232
30,0.7614948852788079,0.006674196529417797
30,0.8076460904472205,0.007495636102269238
30,0.853797295615633,0.006263476742992088
30,0.8999485007840456,0.006674196529417814
30,0.9460997059524583,0.006776876476024226
30,0.9922509111208708,0.007290276209056381
30,1.0384021162892834,0.00687955642263067
30,1.0845533214576961,0.004415237704076379
30,1.1307045266261087,0.0063661566895985315
30,1.1768557317945212,0.004825957490502112
30,1.2230069369629337,0.005442037170140653
30,1.2691581421313465,0.004825957490502112
30,1.315309347299759,0.00390183797104426
30,1.3614605524681715,0.005852756956566391
30,1.4076117576365843,0.004107197864257096
30,1.4537629628049968,0.004620597597289256
30,1.4999141679734094,0.0045179176506828286
30,1.546065373141822,0.003901837971044242
30,1.5922165783102347,0.0044152377040764
30,1.6383677834786472,0.0044152377040764
30,1.6845189886470597,0.004004517917650689
30,1.7306701938154725,0.004723277543895661
30,1.776821398983885,0.006263476742992103
30,1.8229726041522976,0.007084916315843526
30,1.86912380932071,0.0071875962624499195
30,1.9152750144891229,0.010678714447068501
30,1.9614262196575354,0.020433309374679156
30,2.007577424825948,0.054523051648013215
30,2.0537286299943602,0.17198891056576676
30,2.099879835162773,0.1662388335558068
30,2.1460310403311857,0.038299620084197246
30,2.1921822454995983,0.0246431871855427
30,2.2383334506680113,0.020433309374679156
30,2.2844846558364234,0.017044871136667035
30,2.3306358610048363,0.013861792791867769
30,2.3767870661732484,0.011910873806345638
30,2.4229382713416614,0.01283499332580349
30,2.469089476510074,0.013759112845261209
30,2.5152406816784865,0.01129479412670707
30,2.5613918868468994,0.009754594927610652
30,2.6075430920153115,0.00985727487421708
30,2.6536942971837245,0.008522435568333517
30,2.6998455023521366,0.008214395728514233
30,2.7459967075205496,0.008727795461546372
30,2.792147912688962,0.009651914981004131
30,2.8382991178573747,0.008317075675120661
30,2.8844503230257876,0.007290276209056381
30,2.9306015281941997,0.0063661566895985315
30,2.9767527333626127,0.008111715781907806
30,3.022903938531025,0.00687955642263067
30,3.0690551436994378,0.008522435568333517
30,3.1152063488678503,0.006674196529417751
30,3.161357554036263,0.007598316048875666
30,3.207508759204676,0.006160796796385675
30,3.253659964373088,0.007495636102269238
30,3.299811169541501,0.007495636102269238
30,3.345962374709913,0.00739295615566281
30,3.392113579878326,0.007187596262449953
30,3.4382647850467385,0.007084916315843457
30,3.484415990215151,0.005544717116747108
30,3.530567195383564,0.007495636102269238
30,3.576718400551976,0.005955436903172819
30,3.622869605720389,0.004723277543895684
30,3.669020810888801,0.005852756956566391
30,3.715172016057214,0.004825957490502112
30,3.7613232212256267,0.006776876476024177
30,3.807474426394039,0.006776876476024241
30,3.853625631562452,0.005544717116747108
30,3.8997768367308643,0.00492863743710854
30,3.9459280418992773,0.004209877810863545
30,3.99207924706769,0.00503131738371492
30,4.038230452236102,0.00564739706335359
30,4.084381657404515,0.005647397063353481
30,4.130532862572927,0.004517917650682871
30,4.1766840677413395,0.004825957490502066
30,4.2228352729097525,0.004209877810863585
30,4.2689864780781654,0.004620597597289212
30,4.3151376832465775,0.004723277543895638
30,4.3612888884149905,0.003593798131225011
30,4.4074400935834035,0.0019509189855221117
30,4.453591298751816,0.0020535989321285777
30,4.499742503920228,0.0021562788787349656
30,4.545893709088641,0.0014375192524900048
30,4.592044914257054,0.0030803983981928075
40,0.0230756025842063,1.0
40,0.0692268077526189,0.02861271676300578
40,0.1153780129210315,0.021242774566473988
40,0.1615292180894441,0.018930635838150293
40,0.20768042325785668,0.018497109826589603
40,0.2538316284262693,0.015606936416184965
40,0.2999828335946819,0.014739884393063585
40,0.34613403876309445,0.017341040462427747
40,0.3922852439315071,0.015606936416184975
40,0.43843644909991963,0.014884393063583818
40,0.4845876542683323,0.013294797687861274
40,0.5307388594367448,0.014306358381502876
40,0.5768900646051575,0.010982658959537588
40,0.6230412697735701,0.015173410404624261
40,0.6691924749419826,0.015462427745664762
40,0.7153436801103952,0.011560693641618486
40,0.7614948852788079,0.011560693641618486
40,0.8076460904472205,0.014017341040462447
40,0.853797295615633,0.01358381502890172
40,0.8999485007840456,0.011849710982658976
40,0.9460997059524583,0.014306358381502876
40,0.9922509111208708,0.013728323699421983
40,1.0384021162892834,0.014595375722543373
40,1.0845533214576961,0.011849710982658919
40,1.1307045266261087,0.014884393063583837
40,1.1768557317945212,0.01213872832369944
40,1.2230069369629337,0.01199421965317915
40,1.2691581421313465,0.01531791907514453
40,1.315309347299759,0.013872832369942216
40,1.3614605524681715,0.0124277456647399
40,1.4076117576365843,0.01228323699421961
40,1.4537629628049968,0.009537572254335273
40,1.4999141679734094,0.013150289017341058
40,1.546065373141822,0.012861271676300533
40,1.5922165783102347,0.012716763005780365
40,1.6383677834786472,0.015606936416184995
40,1.6845189886470597,0.012572254335260134
40,1.7306701938154725,0.013728323699421919
40,1.776821398983885,0.015173410404624298
40,1.8229726041522976,0.016040462427745688
40,1.86912380932071,0.015606936416184916
40,1.9152750144891229,0.02052023121387286
40,1.9614262196575354,0.029768786127167674
40,2.007577424825948,0.05650289017341048
40,2.0537286299943602,0.16387283236994243
40,2.099879835162773,0.17745664739884418
40,2.1460310403311857,0.05765895953757178
40,2.1921822454995983,0.046242774566474056
40,2.2383334506680113,0.03959537572254341
40,2.2844846558364234,0.03713872832369947
40,2.3306358610048363,0.03424855491329484
40,2.3767870661732484,0.03193641618497114
40,2.4229382713416614,0.03222543352601161
40,2.469089476510074,0.029335260115606693
40,2.5152406816784865,0.023121387283237028
40,2.5613918868468994,0.027890173410404666
40,2.6075430920153115,0.025722543352601192
40,2.6536942971837245,0.021676300578034713
40,2.6998455023521366,0.021676300578034713
40,2.7459967075205496,0.022109826589595406
40,2.792147912688962,0.020086705202311976
40,2.8382991178573747,0.019653179190751473
40,2.8844503230257876,0.019075144508670545
40,2.9306015281941997,0.02109826589595379
40,2.9767527333626127,0.020953757225433557
40,3.022903938531025,0.020231213872832398
40,3.0690551436994378,0.017485549132948
40,3.1152063488678503,0.018930635838150134
40,3.161357554036263,0.018063583815028927
40,3.207508759204676,0.015173410404624298
40,3.253659964373088,0.01416184971098268
40,3.299811169541501,0.017052023121387306
40,3.345962374709913,0.01531791907514453
40,3.392113579878326,0.016763005780346847
40,3.4382647850467385,0.013150289017340933
40,3.484415990215151,0.014306358381502907
40,3.530567195383564,0.01531791907514453
40,3.576718400551976,0.013439306358381522
40,3.622869605720389,0.013150289017341058
40,3.669020810888801,0.017774566473988465
40,3.715172016057214,0.013728323699421983
40,3.7613232212256267,0.015462427745664612
40,3.807474426394039,0.013728323699421983
40,3.853625631562452,0.011560693641618514
40,3.8997768367308643,0.00910404624277458
40,3.9459280418992773,0.011849710982658976
40,3.99207924706769,0.012138728323699322
40,4.038230452236102,0.012283236994219788
40,4.084381657404515,0.008959537572254263
40,4.130532862572927,0.00982658959537583
40,4.1766840677413395,0.010260115606936331
40,4.2228352729097525,0.010115606936416294
40,4.2689864780781654,0.008526011560693571
40,4.3151376832465775,0.009248554913294722
40,4.3612888884149905,0.007803468208092571
40,4.4074400935834035,0.008381502890173342
40,4.453591298751816,0.003757225433526053
40,4.499742503920228,0.004190751445086671
40,4.545893709088641,0.003323699421965355
40,4.592044914257054,0.00476878612716759
50,0.0230756025842063,1.0
50,0.0692268077526189,0.031412565026010406
50,0.1153780129210315,0.022008803521408556
50,0.1615292180894441,0.021808723489395762
50,0.20768042325785668,0.020008003201280513
50,0.2538316284262693,0.01640656262505001
50,0.2999828335946819,0.01720688275310124
50,0.34613403876309445,0.017006802721088437
50,0.3922852439315071,0.0194077631052421
50,0.43843644909991963,0.016606642657062826
50,0.4845876542683323,0.014205682272909165
50,0.5307388594367448,0.0122048819527811
50,0.5768900646051575,0.012404961984793936
50,0.6230412697735701,0.016606642657062808
50,0.6691924749419826,0.016606642657062846
50,0.7153436801103952,0.015606242496998782
50,0.7614948852788079,0.016806722689075612
50,0.8076460904472205,0.016206482593037235
50,0.853797295615633,0.015806322529011586
50,0.8999485007840456,0.016806722689075654
50,0.9460997059524583,0.018807523009203662
50,0.9922509111208708,0.017006802721088458
50,1.0384021162892834,0.01720688275310126
50,1.0845533214576961,0.01940776310524203
50,1.1307045266261087,0.023209283713485428
50,1.1768557317945212,0.019407763105242122
50,1.2230069369629337,0.023809523809523725
50,1.2691581421313465,0.02120848339335737
50,1.315309347299759,0.023209283713485428
50,1.3614605524681715,0.022809123649459813
50,1.4076117576365843,0.021608643457382875
50,1.4537629628049968,0.025010004001600673
50,1.4999141679734094,0.022809123649459813
50,1.546065373141822,0.01980792316926764
50,1.5922165783102347,0.023809523809523843
50,1.6383677834786472,0.020608243297318956
50,1.6845189886470597,0.02300920368147262
50,1.7306701938154725,0.025610244097638967
50,1.776821398983885,0.024609843937575065
50,1.8229726041522976,0.02120848339335737
50,1.86912380932071,0.026610644257702987
50,1.9152750144891229,0.029011604641856783
50,1.9614262196575354,0.04221688675470193
50,2.007577424825948,0.0634253701480593
50,2.0537286299943602,0.16046418567426993
50,2.099879835162773,0.1896758703481395
50,2.1460310403311857,0.07342937174869886
50,2.1921822454995983,0.06262505002000808
50,2.2383334506680113,0.06122448979591845
50,2.2844846558364234,0.05102040816326537
50,2.3306358610048363,0.055622248899559905
50,2.3767870661732484,0.05022008803521414
50,2.4229382713416614,0.05382152861144465
50,2.469089476510074,0.04921968787514966
50,2.5152406816784865,0.05502200880352148
50,2.5613918868468994,0.05422168867547025
50,2.6075430920153115,0.048019207683073294
50,2.6536942971837245,0.05522208883553429
50,2.6998455023521366,0.049019607843137324
50,2.7459967075205496,0.049619847939175746
50,2.792147912688962,0.046018407362944797
50,2.8382991178573747,0.04421768707482999
50,2.8844503230257876,0.046418567426970855
50,2.9306015281941997,0.04401760704281718
50,2.9767527333626127,0.03941576630652266
50,3.022903938531025,0.04041616646658669
50,3.0690551436994378,0.03941576630652266
50,3.1152063488678503,0.03761504601840705
50,3.161357554036263,0.040016006402561075
50,3.207508759204676,0.03221288515406167
50,3.253659964373088,0.03601440576230497
50,3.299811169541501,0.036614645858343384
50,3.345962374709913,0.0372148859543818
50,3.392113579878326,0.03681472589035619
50,3.4382647850467385,0.037414965986394245
50,3.484415990215151,0.036214485794317776
50,3.530567195383564,0.026210484193677504
50,3.576718400551976,0.02921168467386959
50,3.622869605720389,0.030012004801920806
50,3.669020810888801,0.026210484193677504
50,3.715172016057214,0.027210884353741534
50,3.7613232212256267,0.025610244097638842
50,3.807474426394039,0.02821128451380556
50,3.853625631562452,0.027811124449779952
50,3.8997768367308643,0.027210884353741534
50,3.9459280418992773,0.025010004001600673
50,3.99207924706769,0.022809123649459594
50,4.038230452236102,0.019207683073229505
50,4.084381657404515,0.01960784313725474
50,4.130532862572927,0.023209283713485646
50,4.1766840677413395,0.01680672268907549
50,4.2228352729097525,0.017406962785114236
50,4.2689864780781654,0.01840736294517792
50,4.3151376832465775,0.017607042817126703
50,4.3612888884149905,0.01400560224089651
50,4.4074400935834035,0.015006002400960259
50,4.453591298751816,0.01180472188875563
50,4.499742503920228,0.0074029611844737275
50,4.545893709088641,0.0058023209283714116
50,4.592044914257054,0.0074029611844737275
100,0.0230756025842063,1.0
100,0.0692268077526189,0.0374414976599064
100,0.1153780129210315,0.0249609984399376
100,0.1615292180894441,0.020280811232449306
100,0.20768042325785668,0.020280811232449306
100,0.2538316284262693,0.017160686427457092
100,0.2999828335946819,0.016380655226209052
100,0.34613403876309445,0.020280811232449306
100,0.3922852439315071,0.020280811232449306
100,0.43843644909991963,0.017160686427457102
100,0.4845876542683323,0.021840873634945406
100,0.5307388594367448,0.017940717628705128
100,0.5768900646051575,0.015600624024961022
100,0.6230412697735701,0.02106084243369733
100,0.6691924749419826,0.019500780031201276
100,0.7153436801103952,0.024180967238689524
100,0.7614948852788079,0.02964118564742587
100,0.8076460904472205,0.022620904836193483
100,0.853797295615633,0.02106084243369733
100,0.8999485007840456,0.03042121684867399
100,0.9460997059524583,0.023400936037441474
100,0.9922509111208708,0.02886115444617789
100,1.0384021162892834,0.021840873634945426
100,1.0845533214576961,0.02886115444617775
100,1.1307045266261087,0.032761310452418146
100,1.1768557317945212,0.0351014040561623
100,1.2230069369629337,0.029641185647425797
100,1.2691581421313465,0.034321372854914246
100,1.315309347299759,0.0351014040561623
100,1.3614605524681715,0.03354134165366619
100,1.4076117576365843,0.03744149765990627
100,1.4537629628049968,0.039781591263650606
100,1.4999141679734094,0.041341653666146706
100,1.546065373141822,0.03978159126365042
100,1.5922165783102347,0.04368174726989085
100,1.6383677834786472,0.045241809672386966
100,1.6845189886470597,0.05226209048361942
100,1.7306701938154725,0.04992199687987503
100,1.776821398983885,0.04602184087363501
100,1.8229726041522976,0.04602184087363501
100,1.86912380932071,0.061622464898595734
100,1.9152750144891229,0.06552262090483629
100,1.9614262196575354,0.07410296411856485
100,2.007577424825948,0.09828393135725444
100,2.0537286299943602,0.19188767550702057
100,2.099879835162773,0.27379095163806594
100,2.1460310403311857,0.13338533541341546
100,2.1921822454995983,0.11856474258970376
100,2.2383334506680113,0.12870514820592843
100,2.2844846558364234,0.10452418096723884
100,2.3306358610048363,0.11856474258970376
100,2.3767870661732484,0.12480499219968817
100,2.4229382713416614,0.1357254290171609
100,2.469089476510074,0.11076443057722218
100,2.5152406816784865,0.13728549141965699
100,2.5613918868468994,0.13962558502340114
100,2.6075430920153115,0.13104524180967259
100,2.6536942971837245,0.17160686427457122
100,2.6998455023521366,0.16302652106084267
100,2.7459967075205496,0.16146645865834658
100,2.792147912688962,0.1755070202808098
100,2.8382991178573747,0.1973478939157569
100,2.8844503230257876,0.19188767550702057
100,2.9306015281941997,0.18642745709828423
100,2.9767527333626127,0.20124804992199719
100,3.022903938531025,0.25585023400936074
100,3.0690551436994378,0.2636505460218413
100,3.1152063488678503,0.2597503900155985
100,3.161357554036263,0.2714508580343218
100,3.207508759204676,0.26911076443057763
100,3.253659964373088,0.29875195007800354
100,3.299811169541501,0.31669266770670873
100,3.345962374709913,0.36271450858034376
100,3.392113579878326,0.367394695787832
100,3.4382647850467385,0.340873634945395
100,3.484415990215151,0.3720748829953203
100,3.530567195383564,0.40483619344773847
100,3.576718400551976,0.4040561622464905
100,3.622869605720389,0.43135725429017224
100,3.669020810888801,0.4781591263650553
100,3.715172016057214,0.46801872074883066
100,3.7613232212256267,0.47191887675506633
100,3.807474426394039,0.4672386895475826
100,3.853625631562452,0.43603744149766055
100,3.8997768367308643,0.3853354134165372
100,3.9459280418992773,0.38455538221528923
100,3.99207924706769,0.3268330733229302
100,4.038230452236102,0.36895475819033174
100,4.084381657404515,0.3065522620904811
100,4.130532862572927,0.24024960998440203
100,4.1766840677413395,0.24414976599063762
100,4.2228352729097525,0.23088923556942534
100,4.2689864780781654,0.21372854914196396
100,4.3151376832465775,0.1739469578783137
100,4.3612888884149905,0.16692667706708453
100,4.4074400935834035,0.14118564742589587
100,4.453591298751816,0.13494539781591414
100,4.499742503920228,0.11154446177847022
100,4.545893709088641,0.07020280811232528
100,4.592044914257054,0.05070202808112284
