potential_pct,prevalence_pct,n_valid_meshes
0.0,0.0,20807
0.1,0.004806074878646609,20807
0.2,0.009612149757293218,20807
0.3,0.014418224635939827,20807
0.4,0.014418224635939827,20807
0.5,0.028836449271879654,20807
0.6,0.0528668236651127,20807
0.7000000000000001,0.07689719805834574,20807
0.8,0.08170327293699235,20807
0.9000000000000001,0.09612149757293219,20807
1.0,0.1057336473302254,20807
1.0999999999999999,0.12976402172345844,20807
1.2,0.1537943961166915,20807
1.3,0.16821262075263133,20807
1.4000000000000001,0.2018551449031576,20807
1.5,0.21627336953909743,20807
1.6,0.2499158936896237,20807
1.7000000000000002,0.27875234296150336,20807
1.8000000000000003,0.28355841784014996,20807
1.9,0.31239486711202963,20807
2.0,0.3268130917479694,20807
2.1,0.3460373912625559,20807
2.1999999999999997,0.37967991541308216,20807
2.3,0.3989042149276686,20807
2.4,0.4277406641995482,20807
2.5,0.4565771134714279,20807
2.6,0.4998317873792474,20807
2.7,0.55269861104436,20807
2.8000000000000003,0.6007593598308262,20807
2.9000000000000004,0.6344018839813524,20807
3.0,0.6728504830105253,20807
3.1,0.7161051569183448,20807
3.2,0.7593598308261643,20807
3.3000000000000003,0.8074205796126304,20807
3.4000000000000004,0.8410631037631566,20807
3.5000000000000004,0.8795117027923295,20807
3.6000000000000005,0.9227663767001489,20807
3.6999999999999997,1.0188878742730811,20807
3.8,1.0525303984236074,20807
3.9,1.0621425481809006,20807
4.0,1.1005911472100736,20807
4.1000000000000005,1.1294275964819531,20807
4.2,1.1630701206324794,20807
4.300000000000001,1.230355168933532,20807
4.3999999999999995,1.2688037679627049,20807
4.5,1.316864516749171,20807
4.6,1.3505070408996973,20807
4.7,1.3745374152929302,20807
4.8,1.4370163887153362,20807
4.9,1.4802710626231557,20807
5.0,1.5331378862882683,20807
5.1000000000000005,1.6052290094679675,20807
5.2,1.648483683375787,20807
5.3,1.68693228240496,20807
5.4,1.734993031191426,20807
5.5,1.8166963041284183,20807
5.6000000000000005,1.8599509780362378,20807
5.7,1.9032056519440572,20807
5.800000000000001,1.917623876579997,20807
5.9,1.9752967751237565,20807
6.0,2.0521939731821024,20807
6.1,2.090642572211275,20807
6.2,2.1483154707550343,20807
6.3,2.1819579949055607,20807
6.4,2.230018743692027,20807
6.5,2.2973037919930794,20807
6.6000000000000005,2.3790070649300716,20807
6.7,2.427067813716538,20807
6.800000000000001,2.4943528620175903,20807
6.9,2.52318931128947,20807
7.000000000000001,2.5904743595905226,20807
7.1000000000000005,2.667371557648868,20807
7.200000000000001,2.696208006920748,20807
7.3,2.782717354736387,20807
7.3999999999999995,2.8211659537655596,20807
7.5,2.893257076945259,20807
7.6,2.9317056759744315,20807
7.7,2.989378574518191,20807
7.8,3.0806939972124767,20807
7.9,3.1720094199067623,20807
8.0,3.239294468207815,20807
8.1,3.2777430672369876,20807
8.200000000000001,3.354640265295333,20807
8.3,3.4027010140817993,20807
8.4,3.489210361897438,20807
8.5,3.5468832604411977,20807
8.600000000000001,3.6237804584995432,20807
8.700000000000001,3.676647282164656,20807
8.799999999999999,3.7439323304657086,20807
8.9,3.7967991541308215,20807
9.0,3.835247753159994,20807
9.1,3.8833085019464604,20807
9.2,3.9409814004902195,20807
9.3,3.984236074398039,20807
9.4,4.0611332724563844,20807
9.5,4.109194021242851,20807
9.6,4.190897294179844,20807
9.700000000000001,4.287018791752775,20807
9.8,4.3639159898111215,20807
9.9,4.445619262748114,20807
10.0,4.536934685442399,20807
10.100000000000001,4.6186379583793915,20807
10.200000000000001,4.6859230066804445,20807
10.3,4.729177680588264,20807
10.4,4.801268803767963,20807
10.5,4.897390301340895,20807
10.6,4.969481424520594,20807
10.7,5.012736098428413,20807
10.8,5.0752150718508195,20807
10.9,5.147306195030518,20807
11.0,5.2290094679675105,20807
11.1,5.305906666025857,20807
11.200000000000001,5.363579564569616,20807
11.3,5.421252463113375,20807
11.4,5.498149661171721,20807
11.5,5.5510164848368335,20807
11.600000000000001,5.637525832652472,20807
11.700000000000001,5.714423030710819,20807
11.8,5.791320228769164,20807
11.9,5.844187052434277,20807
12.0,5.935502475128563,20807
12.1,6.012399673186908,20807
12.2,6.0941029461239005,20807
12.3,6.185418368818186,20807
12.4,6.276733791512472,20807
12.5,6.363243139328111,20807
12.6,6.43533426250781,20807
12.7,6.488201086172922,20807
12.8,6.560292209352622,20807
12.9,6.680444081318787,20807
13.0,6.728504830105253,20807
13.100000000000001,6.8054020281635985,20807
13.200000000000001,6.882299226221945,20807
13.3,6.9736146489162305,20807
13.4,7.060123996731869,20807
13.5,7.137021194790215,20807
13.600000000000001,7.25717306675638,20807
13.700000000000001,7.353294564329312,20807
13.8,7.444609987023598,20807
13.900000000000002,7.531119334839237,20807
14.000000000000002,7.636852982169462,20807
14.100000000000001,7.718556255106455,20807
14.200000000000001,7.819483827558034,20807
14.3,7.915605325130966,20807
14.400000000000002,7.992502523189311,20807
14.499999999999998,8.088624020762243,20807
14.6,8.20877589272841,20807
14.7,8.324121689815927,20807
14.799999999999999,8.40582496275292,20807
14.899999999999999,8.487528235689911,20807
15.0,8.535588984476378,20807
15.1,8.63171048204931,20807
15.2,8.74705627913683,20807
15.299999999999999,8.823953477195175,20807
15.4,8.88643245061758,20807
15.5,8.968135723554573,20807
15.6,9.05945114624886,20807
15.7,9.160378718700438,20807
15.8,9.22766376700149,20807
15.9,9.333397414331715,20807
16.0,9.429518911904648,20807
16.1,9.477579660691113,20807
16.2,9.520834334598932,20807
16.3,9.612149757293219,20807
16.400000000000002,9.727495554380738,20807
16.5,9.83803527658961,20807
16.6,9.91012639976931,20807
16.7,9.9918296727063,20807
16.8,10.09275724515788,20807
16.900000000000002,10.188878742730811,20807
17.0,10.30422453981833,20807
17.1,10.40515211226991,20807
17.200000000000003,10.554140433507953,20807
17.3,10.669486230595473,20807
17.400000000000002,10.789638102561637,20807
17.5,10.92901427404239,20807
17.599999999999998,11.044360071129908,20807
17.7,11.130869418945547,20807
17.8,11.284663815062238,20807
17.9,11.390397462392464,20807
18.0,11.544191858509155,20807
18.099999999999998,11.640313356082087,20807
18.2,11.741240928533667,20807
18.3,11.846974575863891,20807
18.4,11.923871773922238,20807
18.5,12.044023645888403,20807
18.6,12.154563368097275,20807
18.7,12.245878790791561,20807
18.8,12.327582063728553,20807
18.9,12.490988609602537,20807
19.0,12.630364781083289,20807
19.1,12.745710578170808,20807
19.2,12.846638150622386,20807
19.3,12.961983947709905,20807
19.400000000000002,13.115778343826596,20807
19.5,13.221511991156822,20807
19.6,13.356082087758928,20807
19.7,13.553131157783438,20807
19.8,13.668476954870957,20807
19.900000000000002,13.831883500744942,20807
20.0,13.9616475224684,20807
20.1,14.062575094919978,20807
20.200000000000003,14.187533041764791,20807
20.3,14.326909213245543,20807
20.400000000000002,14.466285384726294,20807
20.5,14.663334454750805,20807
20.6,14.807516701110202,20807
20.700000000000003,14.966117172105541,20807
20.8,15.100687268707647,20807
20.9,15.225645215552458,20807
21.0,15.389051761426442,20807
21.099999999999998,15.489979333878022,20807
21.2,15.614937280722833,20807
21.3,15.744701302446293,20807
21.4,15.879271399048397,20807
21.5,16.028259720286442,20807
21.6,16.182054116403133,20807
21.7,16.3022059883693,20807
21.8,16.45600038448599,20807
21.9,16.60018263084539,20807
22.0,16.7251405776902,20807
22.1,16.89335319844283,20807
22.2,17.075984043831404,20807
22.3,17.26342096409862,20807
22.400000000000002,17.383572836064786,20807
22.5,17.556591531696064,20807
22.6,17.67193732878358,20807
22.7,17.811313500264333,20807
22.8,17.936271447109146,20807
22.900000000000002,18.08525976834719,20807
23.0,18.248666314221175,20807
23.1,18.402460710337866,20807
23.200000000000003,18.4985822079108,20807
23.3,18.66679482866343,20807
23.400000000000002,18.81097707502283,20807
23.5,18.940741096746287,20807
23.6,19.13298409189215,20807
23.700000000000003,19.267554188494255,20807
23.8,19.493439707790646,20807
23.900000000000002,19.67126447830057,20807
24.0,19.82986494929591,20807
24.099999999999998,19.98846542029125,20807
24.2,20.175902340558466,20807
24.3,20.329696736675157,20807
24.4,20.545970106214256,20807
24.5,20.670928053059068,20807
24.6,20.786273850146586,20807
24.7,20.944874321141924,20807
24.8,21.108280867015907,20807
24.9,21.223626664103428,20807
25.0,21.367808910462823,20807
25.1,21.521603306579518,20807
25.2,21.67539770269621,20807
25.3,21.872446772720718,20807
25.4,22.05988369298794,20807
25.5,22.21367808910463,20807
25.6,22.386696784735907,20807
25.7,22.482818282308838,20807
25.8,22.631806603546885,20807
25.900000000000002,22.795213149420867,20807
26.0,22.997068294324027,20807
26.1,23.16047484019801,20807
26.200000000000003,23.36232998510117,20807
26.3,23.496900081703274,20807
26.400000000000002,23.61224587879079,20807
26.5,23.790070649300716,20807
26.6,23.991925794203873,20807
26.700000000000003,24.198587013985676,20807
26.8,24.424472533282067,20807
26.900000000000002,24.602297303791993,20807
27.0,24.784928149180566,20807
27.1,24.962752919690487,20807
27.200000000000003,25.10212909117124,20807
27.3,25.275147786802517,20807
27.400000000000002,25.433748257797856,20807
27.500000000000004,25.674052001730185,20807
27.6,25.832652472725524,20807
27.700000000000003,25.972028644206276,20807
27.800000000000004,26.183495938866727,20807
27.900000000000002,26.385351083769883,20807
28.000000000000004,26.59201230355169,20807
28.1,26.822703897726726,20807
28.200000000000003,26.995722593358003,20807
28.300000000000004,27.197577738261163,20807
28.400000000000002,27.404238958042967,20807
28.500000000000004,27.606094102946123,20807
28.6,27.764694573941462,20807
28.700000000000003,27.90887682030086,20807
28.800000000000004,28.0674772912962,20807
28.9,28.230883837170182,20807
28.999999999999996,28.456769356466573,20807
29.099999999999998,28.600951602825972,20807
29.2,28.812418897486424,20807
29.299999999999997,29.01427404238958,20807
29.4,29.220935262171384,20807
29.5,29.437208631710483,20807
29.599999999999998,29.648675926370935,20807
29.7,29.874561445667325,20807
29.799999999999997,30.047580141298603,20807
29.9,30.182150237900707,20807
30.0,30.39361753256116,20807
30.099999999999998,30.605084827221607,20807
30.2,30.754073148459653,20807
30.3,30.907867544576344,20807
30.4,31.104916614600857,20807
30.5,31.3259960590186,20807
30.599999999999998,31.53746335367905,20807
30.7,31.744124573460855,20807
30.8,31.984428317393185,20807
30.9,32.2535685105974,20807
31.0,32.43619935598596,20807
31.1,32.62363627625319,20807
31.2,32.796654971884465,20807
31.3,33.008122266544916,20807
31.4,33.1715288124189,20807
31.5,33.38299610707935,20807
31.6,33.58004517710386,20807
31.7,33.825154995914836,20807
31.8,34.01259191618205,20807
31.900000000000002,34.224059210842505,20807
32.0,34.40188398135243,20807
32.1,34.584514826741,20807
32.2,34.77195174700822,20807
32.300000000000004,35.0074494160619,20807
32.4,35.22852886047965,20807
32.5,35.396741481232276,20807
32.6,35.59379055125679,20807
32.7,35.73797279761619,20807
32.800000000000004,35.94463401739799,20807
32.9,36.117652713029265,20807
33.0,36.25702888451002,20807
33.1,36.391598981112125,20807
33.2,36.55981160186476,20807
33.300000000000004,36.74244244725333,20807
33.4,36.91546114288461,20807
33.5,37.05483731436536,20807
33.6,37.18460133608882,20807
33.7,37.36242610659874,20807
33.800000000000004,37.564281251501896,20807
33.900000000000006,37.70365742298265,20807
34.0,37.88148219349257,20807
34.1,38.10256163791032,20807
34.2,38.31402893257077,20807
34.300000000000004,38.463017253808815,20807
34.400000000000006,38.66487239871197,20807
34.5,38.833085019464605,20807
34.6,39.03494016436776,20807
34.7,39.1935406353631,20807
34.800000000000004,39.38097755563032,20807
34.900000000000006,39.539578026625655,20807
35.0,39.74623924640746,20807
35.1,39.95290046618926,20807
35.199999999999996,40.14514346133513,20807
35.3,40.3277743067237,20807
35.4,40.49598692747633,20807
35.5,40.70264814725813,20807
35.6,40.885278992646704,20807
35.699999999999996,41.13519488633633,20807
35.8,41.30821358196761,20807
35.9,41.54371125102129,20807
36.0,41.76479069543903,20807
36.1,41.976257990099484,20807
36.199999999999996,42.173307060123996,20807
36.3,42.365550055269864,20807
36.4,42.53376267602249,20807
36.5,42.716393521411064,20807
36.6,42.8846061421637,20807
36.7,43.06723698755226,20807
36.8,43.264286057576776,20807
36.9,43.408468303936175,20807
37.0,43.61032344883933,20807
37.1,43.826596818378434,20807
37.2,44.004421588888356,20807
37.3,44.16782813476234,20807
37.4,44.360071129908206,20807
37.5,44.55712019993271,20807
37.6,44.7205267458067,20807
37.7,44.883933291680684,20807
37.8,45.07617628682655,20807
37.9,45.26361320709377,20807
38.0,45.43663190272505,20807
38.1,45.62887489787091,20807
38.2,45.821117893016776,20807
38.3,45.994136588648054,20807
38.4,46.18157350891527,20807
38.5,46.39784687845437,20807
38.6,46.57567164896429,20807
38.7,46.79194501850339,20807
38.800000000000004,46.921709040226844,20807
38.9,47.09472773585812,20807
39.0,47.30138895563993,20807
39.1,47.488825875907146,20807
39.2,47.68587494593166,20807
39.300000000000004,47.78199644350459,20807
39.4,47.95020906425722,20807
39.5,48.10400346037391,20807
39.6,48.27702215600519,20807
39.7,48.45484692651512,20807
39.800000000000004,48.58461094823858,20807
39.900000000000006,48.72879319459797,20807
40.0,48.88739366559331,20807
40.1,49.03157591195271,20807
40.2,49.238237131734515,20807
40.300000000000004,49.45451050127361,20807
40.400000000000006,49.63233527178353,20807
40.5,49.84380256644398,20807
40.6,50.01201518719662,20807
40.7,50.18022780794925,20807
40.800000000000004,50.35805257845917,20807
40.900000000000006,50.569519873119624,20807
41.0,50.72331426923631,20807
41.1,50.925169414139475,20807
41.2,51.050127360984284,20807
41.300000000000004,51.23275820637286,20807
41.400000000000006,51.35291007833902,20807
41.5,51.47786802518383,20807
41.6,51.646080645936465,20807
41.699999999999996,51.867160090354204,20807
41.8,52.06901523525737,20807
41.9,52.256452155524585,20807
42.0,52.40544047676263,20807
42.1,52.55442879800067,20807
42.199999999999996,52.6601624453309,20807
42.3,52.833181140962175,20807
42.4,53.00139376171481,20807
42.5,53.22247320613255,20807
42.6,53.40029797664248,20807
42.699999999999996,53.60215312154563,20807
42.8,53.77036574229827,20807
42.9,53.96741481232278,20807
43.0,54.1452395828327,20807
43.1,54.27500360455616,20807
43.2,54.41437977603691,20807
43.3,54.60662277118278,20807
43.4,54.765223242178116,20807
43.5,54.96227231220262,20807
43.6,55.16893353198443,20807
43.7,55.33234007785841,20807
43.8,55.500552698611045,20807
43.9,55.65434709472773,20807
44.0,55.836977940116306,20807
44.1,55.98596626135435,20807
44.2,56.1349545825924,20807
44.3,56.29355505358774,20807
44.4,56.42331907531119,20807
44.5,56.605949920699764,20807
44.6,56.72610179266593,20807
44.7,56.831835439996155,20807
44.800000000000004,56.9808237612342,20807
44.9,57.120199932714954,20807
45.0,57.30283077810352,20807
45.1,57.43740087470563,20807
45.2,57.58158312106502,20807
45.300000000000004,57.72576536742442,20807
45.4,57.908396212812995,20807
45.5,58.052578459172395,20807
45.6,58.20156678041044,20807
45.7,58.36016725140578,20807
45.800000000000004,58.48031912337194,20807
45.9,58.60527707021675,20807
46.0,58.773489690969384,20807
46.1,58.93689623684337,20807
46.2,59.06666025856683,20807
46.300000000000004,59.19642428029029,20807
46.400000000000006,59.35021867640698,20807
46.5,59.55207382131014,20807
46.6,59.6722256932763,20807
46.7,59.84043831402893,20807
46.800000000000004,59.95578411111645,20807
46.900000000000006,60.090354207718555,20807
47.0,60.2393425289566,20807
47.1,60.35949440092276,20807
47.2,60.48445234776758,20807
47.300000000000004,60.63824674388427,20807
47.400000000000006,60.76801076560773,20807
47.5,60.941029461239005,20807
47.6,61.06598740808382,20807
47.7,61.25823040322968,20807
47.800000000000004,61.36396405055991,20807
47.900000000000006,61.47450377276878,20807
48.0,61.59946171961359,20807
48.1,61.73883789109434,20807
48.199999999999996,61.83976546354592,20807
48.3,61.96952948526938,20807
48.4,62.10890565675013,20807
48.5,62.262700052866826,20807
48.6,62.36843370019705,20807
48.699999999999996,62.48858557216322,20807
48.8,62.59431921949344,20807
48.9,62.743307540731486,20807
49.0,62.83462296342577,20807
49.1,62.92113231124141,20807
49.2,63.06531455760081,20807
49.3,63.16624213005239,20807
49.4,63.31042437641178,20807
49.5,63.45460662277118,20807
49.6,63.560340270101406,20807
49.7,63.68049214206757,20807
49.8,63.800644014033736,20807
49.9,63.92560196087855,20807
50.0,64.01691738357283,20807
50.1,64.137069255539,20807
50.2,64.28605757677704,20807
50.3,64.40620944874321,20807
50.4,64.50233094631615,20807
50.5,64.62728889316095,20807
50.6,64.76185898976306,20807
50.7,64.86278656221464,20807
50.8,65.00216273369539,20807
50.9,65.12231460566156,20807
51.0,65.19440572884126,20807
51.1,65.31936367568606,20807
51.2,65.46835199692411,20807
51.300000000000004,65.5500552698611,20807
51.4,65.64617676743404,20807
51.5,65.74229826500697,20807
51.6,65.8384197625799,20807
51.7,65.95857163454606,20807
51.800000000000004,66.05949920699764,20807
51.9,66.13159033017735,20807
52.0,66.29980295092997,20807
52.1,66.36708799923103,20807
52.2,66.47282164656126,20807
52.300000000000004,66.57374921901284,20807
52.400000000000006,66.67948286634305,20807
52.5,66.79963473830922,20807
52.6,66.91498053539674,20807
52.7,67.00629595809103,20807
52.800000000000004,67.11202960542126,20807
52.900000000000006,67.25621185178065,20807
53.0,67.36675157398952,20807
53.1,67.46287307156246,20807
53.2,67.56860671889268,20807
53.300000000000004,67.66953429134426,20807
53.400000000000006,67.78007401355313,20807
53.5,67.90503196039795,20807
53.6,68.00115345797087,20807
53.7,68.1068871053011,20807
53.800000000000004,68.23184505214591,20807
53.900000000000006,68.3952515980199,20807
54.0,68.48656702071418,20807
54.1,68.55385206901524,20807
54.2,68.6836160907387,20807
54.300000000000004,68.78934973806892,20807
54.400000000000006,68.86624693612727,20807
54.50000000000001,68.9719805834575,20807
54.6,69.09213245542365,20807
54.7,69.1786418032393,20807
54.800000000000004,69.28437545056951,20807
54.900000000000006,69.37088479838516,20807
55.00000000000001,69.46220022107944,20807
55.1,69.57754601816697,20807
55.2,69.68808574037584,20807
55.300000000000004,69.77940116307012,20807
55.400000000000006,69.88994088527899,20807
55.50000000000001,70.00048060748786,20807
55.60000000000001,70.0966021050608,20807
55.7,70.17830537799779,20807
55.800000000000004,70.26000865093478,20807
55.900000000000006,70.3753544480223,20807
56.00000000000001,70.49550631998846,20807
56.10000000000001,70.61565819195464,20807
56.2,70.68294324025568,20807
56.300000000000004,70.80309511222185,20807
56.400000000000006,70.88479838515885,20807
56.50000000000001,71.00014418224636,20807
56.60000000000001,71.06262315566876,20807
56.7,71.17316287787764,20807
56.800000000000004,71.26447830057192,20807
56.900000000000006,71.36059979814486,20807
57.00000000000001,71.48555774498966,20807
57.10000000000001,71.55764886816937,20807
57.2,71.70183111452876,20807
57.300000000000004,71.78834046234441,20807
57.400000000000006,71.90368625943192,20807
57.50000000000001,71.98058345749027,20807
57.60000000000001,72.04306243091267,20807
57.699999999999996,72.16321430287884,20807
57.8,72.26414187533042,20807
57.9,72.34103907338876,20807
57.99999999999999,72.42274234632576,20807
58.099999999999994,72.52847599365599,20807
58.199999999999996,72.6438217907435,20807
58.3,72.73513721343778,20807
58.4,72.8600951602826,20807
58.5,72.95621665785553,20807
58.599999999999994,73.03791993079253,20807
58.699999999999996,73.1388475032441,20807
58.8,73.2205507761811,20807
58.9,73.2830297496035,20807
59.0,73.3455087230259,20807
59.099999999999994,73.43201807084155,20807
59.199999999999996,73.53294564329312,20807
59.3,73.61464891623011,20807
59.4,73.69154611428846,20807
59.5,73.77324938722545,20807
59.599999999999994,73.89340125919162,20807
59.699999999999996,73.98952275676454,20807
59.8,74.09045032921613,20807
59.9,74.22982650069689,20807
60.0,74.32594799826981,20807
60.099999999999994,74.44129379535732,20807
60.199999999999996,74.52299706829433,20807
60.3,74.57105781708078,20807
60.4,74.69120968904696,20807
60.5,74.7681068871053,20807
60.6,74.85461623492094,20807
60.699999999999996,74.97957418176576,20807
60.8,75.03724708030951,20807
60.9,75.14298072763974,20807
61.0,75.20545970106214,20807
61.1,75.24390830009132,20807
61.199999999999996,75.36406017205748,20807
61.3,75.43615129523718,20807
61.4,75.52746671793146,20807
61.5,75.61397606574711,20807
61.6,75.6860671889268,20807
61.7,75.79180083625702,20807
61.8,75.86869803431537,20807
61.9,75.95520738213101,20807
62.0,76.0465228048253,20807
62.1,76.12342000288365,20807
62.2,76.20992935069928,20807
62.3,76.27721439900034,20807
62.4,76.40697842072379,20807
62.5,76.49829384341808,20807
62.6,76.57038496659779,20807
62.7,76.65208823953478,20807
62.8,76.73379151247177,20807
62.9,76.78185226125824,20807
63.0,76.86836160907387,20807
63.1,76.93084058249627,20807
63.2,77.01254385543326,20807
63.3,77.0990532032489,20807
63.4,77.15192002691401,20807
63.5,77.19998077570048,20807
63.6,77.24804152448695,20807
63.7,77.30090834815206,20807
63.800000000000004,77.39222377084634,20807
63.9,77.47873311866199,20807
64.0,77.53640601720575,20807
64.1,77.58927284087086,20807
64.2,77.6565578891719,20807
64.3,77.73345508723025,20807
64.4,77.79593406065267,20807
64.5,77.8920555582256,20807
64.60000000000001,77.98817705579853,20807
64.7,78.04104387946364,20807
64.8,78.12274715240063,20807
64.9,78.19964435045898,20807
65.0,78.25731724900274,20807
65.10000000000001,78.30057192291056,20807
65.2,78.3870812707262,20807
65.3,78.46397846878455,20807
65.4,78.52645744220695,20807
65.5,78.6033546402653,20807
65.60000000000001,78.68986398808093,20807
65.7,78.78598548565387,20807
65.8,78.86288268371221,20807
65.9,78.93016773201326,20807
66.0,78.98303455567837,20807
66.10000000000001,79.02148315470755,20807
66.2,79.0983803527659,20807
66.3,79.17047147594559,20807
66.4,79.25217474888258,20807
66.5,79.31945979718364,20807
66.60000000000001,79.40116307012063,20807
66.7,79.4492238189071,20807
66.8,79.49247849281493,20807
66.9,79.53573316672274,20807
67.0,79.60782428990244,20807
67.10000000000001,79.67030326332484,20807
67.2,79.72317008698995,20807
67.30000000000001,79.78084298553371,20807
67.4,79.81929158456289,20807
67.5,79.88177055798529,20807
67.60000000000001,79.93944345652905,20807
67.7,79.97789205555823,20807
67.80000000000001,80.03075887922334,20807
67.9,80.08362570288845,20807
68.0,80.1605229009468,20807
68.10000000000001,80.20858364973326,20807
68.2,80.25664439851973,20807
68.30000000000001,80.33834767145672,20807
68.4,80.41043879463642,20807
68.5,80.46811169318018,20807
68.60000000000001,80.54020281635988,20807
68.7,80.61710001441823,20807
68.80000000000001,80.66996683808334,20807
68.9,80.7276397366271,20807
69.0,80.77089441053492,20807
69.10000000000001,80.83337338395732,20807
69.2,80.89104628250108,20807
69.30000000000001,80.9343009564089,20807
69.4,80.98236170519537,20807
69.5,81.0063920795886,20807
69.60000000000001,81.09770750228289,20807
69.7,81.18902292497717,20807
69.80000000000001,81.23708367376364,20807
69.9,81.30917479694334,20807
70.0,81.35723554572981,20807
70.10000000000001,81.41490844427356,20807
70.2,81.47738741769597,20807
70.30000000000001,81.53986639111838,20807
70.39999999999999,81.58312106502619,20807
70.5,81.64079396356995,20807
70.6,81.67443648772048,20807
70.7,81.6984668621137,20807
70.8,81.75613976065748,20807
70.89999999999999,81.81381265920123,20807
71.0,81.86667948286635,20807
71.1,81.92915845628875,20807
71.2,82.0060556543471,20807
71.3,82.07334070264815,20807
71.39999999999999,82.10698322679868,20807
71.5,82.15023790070649,20807
71.6,82.19829864949295,20807
71.7,82.23194117364349,20807
71.8,82.29922622194454,20807
71.89999999999999,82.35209304560965,20807
72.0,82.40015379439612,20807
72.1,82.45782669293988,20807
72.2,82.5010813668477,20807
72.3,82.58278463978469,20807
72.39999999999999,82.62123323881386,20807
72.5,82.70293651175085,20807
72.6,82.72696688614408,20807
72.7,82.7894458595665,20807
72.8,82.84711875811026,20807
72.89999999999999,82.9144038064113,20807
73.0,82.94804633056184,20807
73.1,83.00091315422694,20807
73.2,83.05377997789205,20807
73.3,83.10664680155716,20807
73.4,83.14509540058634,20807
73.5,83.18354399961551,20807
73.6,83.25563512279521,20807
73.7,83.28927764694573,20807
73.8,83.36136877012544,20807
73.9,83.38059306964003,20807
74.0,83.42384774354784,20807
74.1,83.45268419281972,20807
74.2,83.50555101648483,20807
74.3,83.5536117652713,20807
74.4,83.60167251405777,20807
74.5,83.64973326284424,20807
74.6,83.67376363723747,20807
74.7,83.71221223626664,20807
74.8,83.76507905993175,20807
74.9,83.80833373383958,20807
75.0,83.83717018311145,20807
75.1,83.88042485701928,20807
75.2,83.91887345604844,20807
75.3,83.98135242947085,20807
75.4,84.05344355265055,20807
75.5,84.08708607680107,20807
75.6,84.11592252607295,20807
75.7,84.13995290046618,20807
75.8,84.18801364925265,20807
75.9,84.28894122170423,20807
76.0,84.3273898207334,20807
76.1,84.38506271927717,20807
76.2,84.40909309367039,20807
76.3,84.44754169269957,20807
76.4,84.48599029172874,20807
76.5,84.56288748978709,20807
76.6,84.57730571442303,20807
76.7,84.6253664632095,20807
76.8,84.6878454366319,20807
76.9,84.74551833517566,20807
77.0,84.7695487095689,20807
77.10000000000001,84.82241553323401,20807
77.2,84.87047628202048,20807
77.3,84.89931273129235,20807
77.4,84.95217955495747,20807
77.5,84.99543422886529,20807
77.60000000000001,85.01465852837987,20807
77.7,85.07713750180228,20807
77.8,85.1203921757101,20807
77.9,85.16845292449656,20807
78.0,85.20209544864709,20807
78.10000000000001,85.26938049694814,20807
78.2,85.29341087134138,20807
78.3,85.35588984476378,20807
78.4,85.41356274330754,20807
78.5,85.44239919257942,20807
78.60000000000001,85.48565386648724,20807
78.7,85.51929639063776,20807
78.8,85.55774498966694,20807
78.9,85.59138751381747,20807
79.0,85.65386648723987,20807
79.10000000000001,85.68270293651175,20807
79.2,85.70192723602634,20807
79.3,85.74518190993416,20807
79.4,85.77882443408468,20807
79.5,85.82688518287115,20807
79.60000000000001,85.85572163214303,20807
79.7,85.88936415629355,20807
79.80000000000001,85.93261883020138,20807
79.9,85.96145527947326,20807
80.0,85.98067957898785,20807
80.10000000000001,86.00951602825972,20807
80.2,86.04315855241025,20807
80.30000000000001,86.08160715143941,20807
80.4,86.10563752583265,20807
80.5,86.12966790022588,20807
80.60000000000001,86.17772864901235,20807
80.7,86.22098332292018,20807
80.80000000000001,86.2546258470707,20807
80.9,86.28346229634258,20807
81.0,86.34113519488633,20807
81.10000000000001,86.39880809343009,20807
81.2,86.44686884221656,20807
81.30000000000001,86.47570529148844,20807
81.4,86.51895996539626,20807
81.5,86.5333781900322,20807
81.60000000000001,86.55740856442543,20807
81.7,86.59105108857597,20807
81.80000000000001,86.63430576248378,20807
81.9,86.67275436151296,20807
82.0,86.69197866102753,20807
82.10000000000001,86.72562118517807,20807
82.2,86.740039409814,20807
82.30000000000001,86.78810015860047,20807
82.4,86.821742682751,20807
82.5,86.85538520690152,20807
82.60000000000001,86.87941558129475,20807
82.7,86.92747633008122,20807
82.80000000000001,86.97553707886769,20807
82.9,87.01879175277551,20807
83.0,87.06685250156197,20807
83.10000000000001,87.07646465131927,20807
83.2,87.1004950257125,20807
83.3,87.12933147498438,20807
83.39999999999999,87.18700437352814,20807
83.5,87.2254529725573,20807
83.6,87.27351372134378,20807
83.7,87.28793194597972,20807
83.8,87.3167683952516,20807
83.89999999999999,87.33118661988753,20807
84.0,87.35041091940212,20807
84.1,87.3888595184313,20807
84.2,87.41769596770318,20807
84.3,87.44172634209642,20807
84.39999999999999,87.46575671648964,20807
84.5,87.50901139039746,20807
84.6,87.55707213918393,20807
84.7,87.58590858845581,20807
84.8,87.60993896284904,20807
84.89999999999999,87.64838756187821,20807
85.0,87.67241793627144,20807
85.1,87.69644831066468,20807
85.2,87.70606046042198,20807
85.3,87.7397029845725,20807
85.39999999999999,87.76853943384438,20807
85.5,87.83101840726678,20807
85.6,87.85504878166002,20807
85.7,87.8934973806892,20807
85.8,87.92713990483972,20807
85.9,87.96558850386889,20807
86.0,87.98481280338348,20807
86.1,88.00403710289807,20807
86.2,88.03287355216995,20807
86.3,88.05690392656318,20807
86.4,88.08574037583506,20807
86.5,88.1097707502283,20807
86.6,88.14341327437882,20807
86.7,88.1722497236507,20807
86.8,88.19628009804393,20807
86.9,88.21069832267986,20807
87.0,88.25875907146633,20807
87.1,88.29240159561687,20807
87.2,88.31162589513144,20807
87.3,88.33085019464603,20807
87.4,88.36449271879655,20807
87.5,88.40774739270438,20807
87.6,88.44619599173355,20807
87.7,88.46542029124814,20807
87.8,88.50867496515596,20807
87.9,88.5327053395492,20807
88.0,88.55673571394243,20807
88.1,88.58557216321431,20807
88.2,88.60479646272888,20807
88.3,88.61921468736483,20807
88.4,88.64805113663671,20807
88.5,88.67208151102994,20807
88.6,88.68649973566588,20807
88.7,88.72494833469506,20807
88.8,88.77300908348153,20807
88.9,88.80665160763205,20807
89.0,88.84029413178257,20807
89.1,88.85951843129716,20807
89.2,88.88835488056904,20807
89.3,88.90277310520499,20807
89.4,88.95083385399144,20807
89.5,88.97967030326332,20807
89.60000000000001,89.00850675253521,20807
89.7,89.02292497717114,20807
89.8,89.05176142644302,20807
89.9,89.07579180083626,20807
90.0,89.10462825010814,20807
90.10000000000001,89.11904647474408,20807
90.2,89.15749507377325,20807
90.3,89.19113759792377,20807
90.4,89.19594367280243,20807
90.5,89.2247801220743,20807
90.60000000000001,89.23919834671024,20807
90.7,89.28245302061806,20807
90.8,89.3064833950113,20807
90.9,89.33051376940453,20807
91.0,89.34493199404046,20807
91.10000000000001,89.35454414379777,20807
91.2,89.3689623684337,20807
91.3,89.37857451819099,20807
91.4,89.40260489258422,20807
91.5,89.42663526697746,20807
91.60000000000001,89.44585956649205,20807
91.7,89.48911424039987,20807
91.8,89.49872639015716,20807
91.9,89.51314461479309,20807
92.0,89.52756283942904,20807
92.10000000000001,89.54678713894363,20807
92.2,89.5660114384582,20807
92.30000000000001,89.5756235882155,20807
92.4,89.59004181285144,20807
92.5,89.63810256163791,20807
92.60000000000001,89.6573268611525,20807
92.7,89.68616331042438,20807
92.80000000000001,89.70058153506032,20807
92.9,89.72461190945354,20807
93.0,89.76306050848272,20807
93.10000000000001,89.77747873311866,20807
93.2,89.7918969577546,20807
93.30000000000001,89.81112125726919,20807
93.4,89.83034555678377,20807
93.5,89.84476378141972,20807
93.60000000000001,89.85918200605566,20807
93.7,89.8736002306916,20807
93.80000000000001,89.90243667996347,20807
93.9,89.9264670543567,20807
94.0,89.936079204114,20807
94.10000000000001,89.96491565338587,20807
94.2,89.99375210265777,20807
94.30000000000001,90.02258855192964,20807
94.4,90.03220070168693,20807
94.5,90.04661892632288,20807
94.60000000000001,90.0802614504734,20807
94.7,90.09467967510933,20807
94.80000000000001,90.12832219925987,20807
94.9,90.12832219925987,20807
95.0,90.16196472341039,20807
95.10000000000001,90.20521939731822,20807
95.2,90.22924977171144,20807
95.30000000000001,90.26769837074062,20807
95.4,90.28692267025521,20807
95.5,90.31095304464843,20807
95.60000000000001,90.31575911952709,20807
95.7,90.33498341904166,20807
95.80000000000001,90.3590137934349,20807
95.9,90.37823809294949,20807
96.0,90.40226846734272,20807
96.1,90.42149276685731,20807
96.2,90.44071706637189,20807
96.3,90.46474744076512,20807
96.39999999999999,90.47435959052243,20807
96.5,90.5031960397943,20807
96.6,90.52242033930888,20807
96.7,90.54164463882347,20807
96.8,90.57528716297399,20807
96.89999999999999,90.60412361224589,20807
97.0,90.61373576200317,20807
97.1,90.6281539866391,20807
97.2,90.656990435911,20807
97.3,90.67621473542557,20807
97.39999999999999,90.71466333445476,20807
97.5,90.72908155909069,20807
97.6,90.74349978372663,20807
97.7,90.75311193348392,20807
97.8,90.77714230787716,20807
97.89999999999999,90.80117268227039,20807
98.0,90.80117268227039,20807
98.1,90.82520305666363,20807
98.2,90.84923343105686,20807
98.3,90.85884558081415,20807
98.4,90.87806988032874,20807
98.5,90.90210025472197,20807
98.6,90.9165184793579,20807
98.7,90.93093670399385,20807
98.8,90.98380352765896,20807
98.9,90.9982217522949,20807
99.0,91.01744605180949,20807
99.1,91.03667035132408,20807
99.2,91.03667035132408,20807
99.3,91.06070072571731,20807
99.4,91.07511895035324,20807
99.5,91.09434324986783,20807
99.6,91.12317969913971,20807
99.7,91.13759792377566,20807
99.8,91.17604652280482,20807
99.9,91.18085259768347,20807
100.0,91.19527082231942,20807
