deployment_pct,coincident_generation_share,density
10,0.005,0.00654704170708051
10,0.015,0.0
10,0.025,0.0
10,0.035,0.00048496605237633393
10,0.045,0.0
10,0.055,0.0
10,0.065,0.0
10,0.07500000000000001,0.0
10,0.08499999999999999,0.0004849660523763343
10,0.095,0.0
10,0.10500000000000001,0.0
10,0.11499999999999999,0.0
10,0.125,0.0
10,0.135,0.00024248302618816683
10,0.14500000000000002,0.0004849660523763349
10,0.155,0.0
10,0.165,0.0007274490785645004
10,0.175,0.0
10,0.185,0.0
10,0.195,0.0007274490785645004
10,0.20500000000000002,0.00024248302618816745
10,0.215,0.00048496605237633366
10,0.225,0.00024248302618816683
10,0.235,0.0007274490785645025
10,0.245,0.00048496605237633366
10,0.255,0.00024248302618816683
10,0.265,0.0007274490785645004
10,0.275,0.00048496605237633366
10,0.28500000000000003,0.0004849660523763363
10,0.295,0.00024248302618816683
10,0.305,0.00024248302618816683
10,0.315,0.0007274490785645004
10,0.325,0.0014548981571290008
10,0.335,0.0
10,0.34500000000000003,0.00048496605237633366
10,0.355,0.0004849660523763363
10,0.365,0.0009699321047526673
10,0.375,0.0007274490785645004
10,0.385,0.00048496605237633366
10,0.395,0.00048496605237633366
10,0.405,0.0007274490785645004
10,0.41500000000000004,0.00024248302618816816
10,0.425,0.0009699321047526673
10,0.435,0.00024248302618816683
10,0.445,0.0009699321047526673
10,0.455,0.00048496605237633366
10,0.465,0.0007274490785645004
10,0.475,0.001454898157129009
10,0.485,0.0007274490785645004
10,0.495,0.0009699321047526673
10,0.505,0.0007274490785645004
10,0.515,0.0009699321047526673
10,0.525,0.0009699321047526673
10,0.535,0.00024248302618816683
10,0.545,0.00048496605237633366
10,0.555,0.0016973811833171678
10,0.5650000000000001,0.0021823472356935015
10,0.575,0.0031522793404462034
10,0.585,0.0016973811833171678
10,0.595,0.001212415130940834
10,0.605,0.0021823472356935015
10,0.615,0.0007274490785645004
10,0.625,0.0021823472356935015
10,0.635,0.001212415130940834
10,0.645,0.001212415130940834
10,0.655,0.002667313288069835
10,0.665,0.0009699321047526673
10,0.675,0.0016973811833171678
10,0.685,0.0021823472356935015
10,0.6950000000000001,0.002667313288069835
10,0.7050000000000001,0.000969932104752678
10,0.715,0.0014548981571290008
10,0.725,0.002667313288069835
10,0.735,0.002424830261881668
10,0.745,0.0031522793404461687
10,0.755,0.002667313288069835
10,0.765,0.0029097963142580016
10,0.775,0.002667313288069835
10,0.785,0.0033947623666343357
10,0.795,0.0019398642095053346
10,0.805,0.0031522793404461687
10,0.8150000000000001,0.0038797284190106693
10,0.8250000000000001,0.003637245392822502
10,0.835,0.0043646944713870515
10,0.845,0.00533462657613967
10,0.855,0.004122211445198836
10,0.865,0.00533462657613967
10,0.875,0.0065470417070805035
10,0.885,0.008486905916585838
10,0.895,0.015033947623666343
10,0.905,0.013579049466537343
10,0.915,0.03540252182347235
10,0.925,0.5409796314258001
10,0.935,0.8918525703200775
10,0.9450000000000001,0.05674102812803103
10,0.9550000000000001,0.01794374393792454
10,0.965,0.013094083414161007
10,0.975,0.011639185257032007
10,0.985,0.016003879728419008
10,0.995,1.0
15,0.005,0.0065853658536585424
15,0.015,0.0
15,0.025,0.0002439024390243905
15,0.035,0.00024390243902439043
15,0.045,0.0
15,0.055,0.00024390243902439057
15,0.065,0.0
15,0.07500000000000001,0.0
15,0.08499999999999999,0.00024390243902439057
15,0.095,0.00024390243902439024
15,0.10500000000000001,0.00048780487804878114
15,0.11499999999999999,0.0007317073170731718
15,0.125,0.0
15,0.135,0.0004878048780487805
15,0.14500000000000002,0.00048780487804878184
15,0.155,0.0004878048780487805
15,0.165,0.0007317073170731706
15,0.175,0.00048780487804878184
15,0.185,0.000975609756097561
15,0.195,0.0004878048780487805
15,0.20500000000000002,0.00048780487804878184
15,0.215,0.00024390243902439024
15,0.225,0.000975609756097561
15,0.235,0.0014634146341463454
15,0.245,0.0004878048780487805
15,0.255,0.0007317073170731706
15,0.265,0.0007317073170731706
15,0.275,0.0012195121951219512
15,0.28500000000000003,0.0007317073170731747
15,0.295,0.000975609756097561
15,0.305,0.000975609756097561
15,0.315,0.0
15,0.325,0.0012195121951219512
15,0.335,0.0004878048780487805
15,0.34500000000000003,0.00024390243902439024
15,0.355,0.002439024390243916
15,0.365,0.0
15,0.375,0.0017073170731707317
15,0.385,0.0012195121951219512
15,0.395,0.000975609756097561
15,0.405,0.0007317073170731706
15,0.41500000000000004,0.0014634146341463495
15,0.425,0.003170731707317073
15,0.435,0.001951219512195122
15,0.445,0.0029268292682926825
15,0.455,0.0014634146341463412
15,0.465,0.001951219512195122
15,0.475,0.002439024390243916
15,0.485,0.0014634146341463412
15,0.495,0.0021951219512195124
15,0.505,0.0021951219512195124
15,0.515,0.0014634146341463412
15,0.525,0.0017073170731707317
15,0.535,0.0034146341463414634
15,0.545,0.001951219512195122
15,0.555,0.002682926829268293
15,0.5650000000000001,0.0021951219512195124
15,0.575,0.002682926829268322
15,0.585,0.0021951219512195124
15,0.595,0.001951219512195122
15,0.605,0.002682926829268293
15,0.615,0.0029268292682926825
15,0.625,0.0021951219512195124
15,0.635,0.0024390243902439024
15,0.645,0.002682926829268293
15,0.655,0.002682926829268293
15,0.665,0.004390243902439025
15,0.675,0.003902439024390244
15,0.685,0.0036585365853658534
15,0.6950000000000001,0.003902439024390244
15,0.7050000000000001,0.003658536585365894
15,0.715,0.004878048780487805
15,0.725,0.006585365853658536
15,0.735,0.003170731707317073
15,0.745,0.003902439024390244
15,0.755,0.004878048780487805
15,0.765,0.004634146341463415
15,0.775,0.003170731707317073
15,0.785,0.0060975609756097554
15,0.795,0.0036585365853658534
15,0.805,0.0060975609756097554
15,0.8150000000000001,0.004878048780487805
15,0.8250000000000001,0.006585365853658536
15,0.835,0.010243902439024503
15,0.845,0.00975609756097561
15,0.855,0.00878048780487805
15,0.865,0.008048780487804878
15,0.875,0.01146341463414634
15,0.885,0.01024390243902439
15,0.895,0.020975609756097562
15,0.905,0.02390243902439024
15,0.915,0.04756097560975609
15,0.925,0.526829268292683
15,0.935,0.858048780487805
15,0.9450000000000001,0.059024390243902436
15,0.9550000000000001,0.021951219512195367
15,0.965,0.016829268292682928
15,0.975,0.01829268292682927
15,0.985,0.028780487804878043
15,0.995,1.0
20,0.005,0.006420927467300837
20,0.015,0.00023781212841854954
20,0.025,0.0
20,0.035,0.00023781212841854948
20,0.045,0.00023781212841854948
20,0.055,0.0
20,0.065,0.0
20,0.07500000000000001,0.00047562425683709934
20,0.08499999999999999,0.0011890606420927481
20,0.095,0.0
20,0.10500000000000001,0.00047562425683709934
20,0.11499999999999999,0.000713436385255649
20,0.125,0.0007134363852556479
20,0.135,0.0007134363852556479
20,0.14500000000000002,0.0009512485136741999
20,0.155,0.0009512485136741973
20,0.165,0.00023781212841854932
20,0.175,0.0009512485136741999
20,0.185,0.0011890606420927466
20,0.195,0.00047562425683709864
20,0.20500000000000002,0.0011890606420927499
20,0.215,0.0011890606420927466
20,0.225,0.0011890606420927466
20,0.235,0.0009512485136741999
20,0.245,0.0009512485136741973
20,0.255,0.0007134363852556479
20,0.265,0.0007134363852556479
20,0.275,0.0014268727705112959
20,0.28500000000000003,0.0009512485136742026
20,0.295,0.0014268727705112959
20,0.305,0.0011890606420927466
20,0.315,0.0014268727705112959
20,0.325,0.0011890606420927466
20,0.335,0.0021403091557669436
20,0.34500000000000003,0.0030915576694411414
20,0.355,0.0023781212841855063
20,0.365,0.002615933412604043
20,0.375,0.002615933412604043
20,0.385,0.0019024970273483946
20,0.395,0.0023781212841854932
20,0.405,0.0023781212841854932
20,0.41500000000000004,0.0019024970273484052
20,0.425,0.0028537455410225917
20,0.435,0.0028537455410225917
20,0.445,0.0030915576694411414
20,0.455,0.0021403091557669436
20,0.465,0.0019024970273483946
20,0.475,0.0038049940546968104
20,0.485,0.0021403091557669436
20,0.495,0.0021403091557669436
20,0.505,0.0035671819262782394
20,0.515,0.0019024970273483946
20,0.525,0.0030915576694411414
20,0.535,0.0030915576694411414
20,0.545,0.004280618311533887
20,0.555,0.003804994054696789
20,0.5650000000000001,0.003329369797859691
20,0.575,0.0040428061831153835
20,0.585,0.003329369797859691
20,0.595,0.005469678953626635
20,0.605,0.005469678953626635
20,0.615,0.0035671819262782394
20,0.625,0.004280618311533887
20,0.635,0.0035671819262782394
20,0.645,0.004280618311533887
20,0.655,0.0035671819262782394
20,0.665,0.0040428061831153375
20,0.675,0.004994054696789536
20,0.685,0.004518430439952437
20,0.6950000000000001,0.004280618311533887
20,0.7050000000000001,0.005945303210463799
20,0.715,0.0057074910820451834
20,0.725,0.009274673008323424
20,0.735,0.005469678953626635
20,0.745,0.0073721759809750285
20,0.755,0.007609988109393578
20,0.765,0.005231866825208086
20,0.775,0.006658739595719382
20,0.785,0.007609988109393578
20,0.795,0.009036860879904874
20,0.805,0.007847800237812128
20,0.8150000000000001,0.007609988109393578
20,0.8250000000000001,0.012128418549346017
20,0.835,0.011652794292509046
20,0.845,0.011414982164090367
20,0.855,0.01498216409036861
20,0.865,0.015457788347205707
20,0.875,0.01854934601664685
20,0.885,0.021640903686087988
20,0.895,0.028537455410225916
20,0.905,0.0356718192627824
20,0.915,0.06373365041617121
20,0.925,0.5024970273483947
20,0.935,0.7766944114149821
20,0.9450000000000001,0.0535077288941736
20,0.9550000000000001,0.024732461355529402
20,0.965,0.018073721759809747
20,0.975,0.03258026159334126
20,0.985,0.044470868014268715
20,0.995,1.0
30,0.005,0.006279069767441866
30,0.015,0.00023255813953488395
30,0.025,0.000232558139534884
30,0.035,0.0002325581395348839
30,0.045,0.0002325581395348839
30,0.055,0.00046511627906976817
30,0.065,0.0009302325581395349
30,0.07500000000000001,0.00046511627906976817
30,0.08499999999999999,0.0013953488372093045
30,0.095,0.0009302325581395349
30,0.10500000000000001,0.0013953488372093045
30,0.11499999999999999,0.00046511627906976817
30,0.125,0.0018604651162790699
30,0.135,0.0006976744186046512
30,0.14500000000000002,0.0018604651162790749
30,0.155,0.0009302325581395349
30,0.165,0.0011627906976744188
30,0.175,0.0016279069767441907
30,0.185,0.0006976744186046512
30,0.195,0.0013953488372093023
30,0.20500000000000002,0.0006976744186046531
30,0.215,0.0027906976744186047
30,0.225,0.0013953488372093023
30,0.235,0.0025581395348837285
30,0.245,0.003953488372093024
30,0.255,0.0027906976744186047
30,0.265,0.0023255813953488376
30,0.275,0.0032558139534883727
30,0.28500000000000003,0.00232558139534885
30,0.295,0.0032558139534883727
30,0.305,0.0037209302325581397
30,0.315,0.0037209302325581397
30,0.325,0.003953488372093024
30,0.335,0.0025581395348837216
30,0.34500000000000003,0.0030232558139534882
30,0.355,0.0037209302325581606
30,0.365,0.0020930232558139536
30,0.375,0.004418604651162791
30,0.385,0.0030232558139534882
30,0.395,0.004186046511627907
30,0.405,0.005581395348837209
30,0.41500000000000004,0.003953488372093045
30,0.425,0.004186046511627907
30,0.435,0.005348837209302327
30,0.445,0.005116279069767443
30,0.455,0.0032558139534883727
30,0.465,0.005813953488372093
30,0.475,0.004186046511627931
30,0.485,0.003953488372093024
30,0.495,0.004418604651162791
30,0.505,0.004883720930232559
30,0.515,0.004883720930232559
30,0.525,0.004418604651162791
30,0.535,0.005813953488372093
30,0.545,0.005581395348837209
30,0.555,0.009069767441860466
30,0.5650000000000001,0.006279069767441861
30,0.575,0.006511627906976817
30,0.585,0.008604651162790699
30,0.595,0.0060465116279069765
30,0.605,0.006279069767441861
30,0.615,0.008837209302325582
30,0.625,0.005581395348837209
30,0.635,0.0060465116279069765
30,0.645,0.005116279069767443
30,0.655,0.010232558139534886
30,0.665,0.008837209302325582
30,0.675,0.011627906976744186
30,0.685,0.00813953488372093
30,0.6950000000000001,0.01046511627906977
30,0.7050000000000001,0.010930232558139658
30,0.715,0.013255813953488372
30,0.725,0.011627906976744186
30,0.735,0.014418604651162792
30,0.745,0.013953488372093023
30,0.755,0.014186046511627907
30,0.765,0.011627906976744186
30,0.775,0.015116279069767443
30,0.785,0.015116279069767443
30,0.795,0.020000000000000004
30,0.805,0.01627906976744186
30,0.8150000000000001,0.020000000000000004
30,0.8250000000000001,0.016511627906976745
30,0.835,0.021395348837209543
30,0.845,0.02930232558139535
30,0.855,0.02604651162790698
30,0.865,0.0286046511627907
30,0.875,0.035813953488372095
30,0.885,0.043023255813953484
30,0.895,0.056976744186046514
30,0.905,0.06139534883720931
30,0.915,0.10116279069767442
30,0.925,0.4604651162790698
30,0.935,0.5913953488372093
30,0.9450000000000001,0.06465116279069767
30,0.9550000000000001,0.042790697674419086
30,0.965,0.04744186046511628
30,0.975,0.07279069767441862
30,0.985,0.13069767441860466
30,0.995,1.0
40,0.005,0.007586020048767279
40,0.015,0.0
40,0.025,0.0005418585749119487
40,0.035,0.0005418585749119484
40,0.045,0.0008127878623679227
40,0.055,0.0010837171498238977
40,0.065,0.0018965050121918185
40,0.07500000000000001,0.0016255757247358464
40,0.08499999999999999,0.001354646437279872
40,0.095,0.001625575724735844
40,0.10500000000000001,0.0024383635871037695
40,0.11499999999999999,0.001354646437279872
40,0.125,0.002167434299647792
40,0.135,0.0013546464372798702
40,0.14500000000000002,0.0013546464372798737
40,0.155,0.002167434299647792
40,0.165,0.002167434299647792
40,0.175,0.002167434299647798
40,0.185,0.004876727174207532
40,0.195,0.005418585749119481
40,0.20500000000000002,0.0035220807369276716
40,0.215,0.003251151449471688
40,0.225,0.0040639393118396105
40,0.235,0.004334868599295596
40,0.245,0.0056895150365754545
40,0.255,0.005418585749119481
40,0.265,0.003793010024383637
40,0.275,0.0051476564616635065
40,0.28500000000000003,0.004063939311839633
40,0.295,0.0056895150365754545
40,0.305,0.004605797886751558
40,0.315,0.005418585749119481
40,0.325,0.006502302898943376
40,0.335,0.007044161473855324
40,0.34500000000000003,0.007044161473855324
40,0.355,0.007586020048767315
40,0.365,0.004876727174207532
40,0.375,0.0056895150365754545
40,0.385,0.0067732321863993505
40,0.395,0.005960444324031428
40,0.405,0.005960444324031428
40,0.41500000000000004,0.006231373611487437
40,0.425,0.007044161473855324
40,0.435,0.008398807911135195
40,0.445,0.007856949336223246
40,0.455,0.01002438363587104
40,0.465,0.008940666486047143
40,0.475,0.009211595773503167
40,0.485,0.00948252506095909
40,0.495,0.009211595773503115
40,0.505,0.007856949336223246
40,0.515,0.008940666486047143
40,0.525,0.0062313736114874025
40,0.535,0.011379030073150909
40,0.545,0.009211595773503115
40,0.555,0.014088322947710648
40,0.5650000000000001,0.010566242210782987
40,0.575,0.012733676510430919
40,0.585,0.016526686534814414
40,0.595,0.013546464372798701
40,0.605,0.014359252235166623
40,0.615,0.016526686534814414
40,0.625,0.020590625846654026
40,0.635,0.013817393660254673
40,0.645,0.013546464372798701
40,0.655,0.014359252235166623
40,0.665,0.018694120834462206
40,0.675,0.019506908696830128
40,0.685,0.017339474397182336
40,0.6950000000000001,0.017339474397182336
40,0.7050000000000001,0.01815226225955046
40,0.715,0.023841777296125712
40,0.725,0.02004876727174208
40,0.735,0.02655107017068545
40,0.745,0.023299918721213765
40,0.755,0.021945272283933892
40,0.765,0.027092928745597402
40,0.775,0.03061500948252506
40,0.785,0.03467894879436467
40,0.795,0.032511514494716884
40,0.805,0.04009753454348416
40,0.8150000000000001,0.043890544567867784
40,0.8250000000000001,0.045516120292603636
40,0.835,0.04714169601734001
40,0.845,0.04741262530479546
40,0.855,0.057707938228122466
40,0.865,0.06231373611487402
40,0.875,0.07369276618802492
40,0.885,0.08100785694933624
40,0.895,0.11270658358168519
40,0.905,0.1292332701164996
40,0.915,0.1706854510972636
40,0.925,0.4676239501490112
40,0.935,0.4860471416960174
40,0.9450000000000001,0.11108100785694935
40,0.9550000000000001,0.10566242210783104
40,0.965,0.10918450284475752
40,0.975,0.15578434028718505
40,0.985,0.21511785424004334
40,0.995,1.0
50,0.005,0.010290334435869174
50,0.015,0.00036751194413818484
50,0.025,0.0007350238882763697
50,0.035,0.0014700477765527391
50,0.045,0.0014700477765527391
50,0.055,0.002572583608967295
50,0.065,0.00330760749724366
50,0.07500000000000001,0.00220507166482911
50,0.08499999999999999,0.00441014332965822
50,0.095,0.002205071664829107
50,0.10500000000000001,0.002572583608967295
50,0.11499999999999999,0.00294009555310548
50,0.125,0.002940095553105476
50,0.135,0.003675119441381845
50,0.14500000000000002,0.004042631385520041
50,0.155,0.006247703050349136
50,0.165,0.00808526277104006
50,0.175,0.006247703050349153
50,0.185,0.006247703050349136
50,0.195,0.00808526277104006
50,0.20500000000000002,0.009187798603454637
50,0.215,0.005512679162072767
50,0.225,0.009922822491730982
50,0.235,0.005145167217934597
50,0.245,0.009187798603454611
50,0.255,0.00735023888276369
50,0.265,0.009555310547592797
50,0.275,0.010657846380007349
50,0.28500000000000003,0.011025358324145597
50,0.295,0.01212789415656009
50,0.305,0.007717750826901874
50,0.315,0.008452774715178244
50,0.325,0.010290334435869165
50,0.335,0.009922822491730982
50,0.34500000000000003,0.011025358324145534
50,0.355,0.008452774715178291
50,0.365,0.012862918044836457
50,0.375,0.012862918044836457
50,0.385,0.017273061374494667
50,0.395,0.012495406100698271
50,0.405,0.012862918044836457
50,0.41500000000000004,0.012127894156560154
50,0.425,0.01470047776552738
50,0.435,0.014332965821389194
50,0.445,0.010657846380007349
50,0.455,0.01323042998897464
50,0.465,0.018743109151047408
50,0.475,0.0191106210951857
50,0.485,0.017640573318632856
50,0.495,0.02021315692760015
50,0.505,0.018008085262771038
50,0.515,0.022050716648291068
50,0.525,0.02535832414553473
50,0.535,0.02646085997794928
50,0.545,0.019845644983461964
50,0.555,0.0260933480338111
50,0.5650000000000001,0.02425578831312018
50,0.575,0.02094818081587675
50,0.585,0.0260933480338111
50,0.595,0.02352076442484381
50,0.605,0.02940095553105476
50,0.615,0.028298419698640203
50,0.625,0.02682837192208747
50,0.635,0.03234105108416024
50,0.645,0.03234105108416024
50,0.655,0.03197353914002205
50,0.665,0.02793090775450202
50,0.675,0.03638368246968026
50,0.685,0.042631385520029395
50,0.6950000000000001,0.05145167217934583
50,0.7050000000000001,0.04630650496141176
50,0.715,0.049981624402793086
50,0.725,0.05769937522969496
50,0.735,0.048879088570378544
50,0.745,0.05034913634693127
50,0.755,0.05953693495038588
50,0.765,0.05292171995589856
50,0.775,0.06615214994487321
50,0.785,0.0665196618890114
50,0.795,0.07607497243660419
50,0.805,0.07791253215729511
50,0.8150000000000001,0.08269018743109152
50,0.8250000000000001,0.09224549797868431
50,0.835,0.10400588019110736
50,0.845,0.11172363101800808
50,0.855,0.12091142962146269
50,0.865,0.1492098493201029
50,0.875,0.14957736126424107
50,0.885,0.17199558985667032
50,0.895,0.17934582873943403
50,0.905,0.199191473722896
50,0.915,0.2414553472987872
50,0.925,0.5284821756707093
50,0.935,0.5009187798603455
50,0.9450000000000001,0.16427783902976847
50,0.9550000000000001,0.16942300624770493
50,0.965,0.19955898566703417
50,0.975,0.2546857772877618
50,0.985,0.2734288864388092
50,0.995,1.0
100,0.005,0.039671682626539015
100,0.015,0.0068399452804377625
100,0.025,0.01641586867305063
100,0.035,0.016415868673050626
100,0.045,0.02325581395348839
100,0.055,0.01641586867305064
100,0.065,0.019151846785225714
100,0.07500000000000001,0.024623803009575954
100,0.08499999999999999,0.05335157318741456
100,0.095,0.032831737346101224
100,0.10500000000000001,0.05471956224350212
100,0.11499999999999999,0.04514363885088925
100,0.125,0.054719562243502044
100,0.135,0.05061559507523939
100,0.14500000000000002,0.056087551299589755
100,0.155,0.07934336525307796
100,0.165,0.05061559507523939
100,0.175,0.058823529411764865
100,0.185,0.06839945280437756
100,0.195,0.06292749658002736
100,0.20500000000000002,0.07387140902872796
100,0.215,0.08344733242134063
100,0.225,0.08071135430916551
100,0.235,0.08344733242134085
100,0.245,0.07113543091655265
100,0.255,0.08344733242134063
100,0.265,0.08071135430916551
100,0.275,0.11627906976744184
100,0.28500000000000003,0.09712722298221667
100,0.295,0.10533515731874142
100,0.305,0.13406292749658
100,0.315,0.12585499316005472
100,0.325,0.14911080711354308
100,0.335,0.11080711354309164
100,0.34500000000000003,0.11080711354309164
100,0.355,0.139534883720931
100,0.365,0.17236662106703143
100,0.375,0.15047879616963064
100,0.385,0.14090287277701777
100,0.395,0.15458276333789328
100,0.405,0.15184678522571818
100,0.41500000000000004,0.19972640218878354
100,0.425,0.21477428180574554
100,0.435,0.23939808481532146
100,0.445,0.24897400820793433
100,0.455,0.2571819425444596
100,0.465,0.2325581395348837
100,0.475,0.2257181942544472
100,0.485,0.23666210670314636
100,0.495,0.30369357045143636
100,0.505,0.29958960328317374
100,0.515,0.2968536251709986
100,0.525,0.29822161422708615
100,0.535,0.3679890560875512
100,0.545,0.35567715458276333
100,0.555,0.39671682626538984
100,0.5650000000000001,0.39534883720930225
100,0.575,0.42954856361149585
100,0.585,0.39534883720930225
100,0.595,0.45417236662106697
100,0.605,0.414500683994528
100,0.615,0.44322845417236656
100,0.625,0.493844049247606
100,0.635,0.4281805745554035
100,0.645,0.4213406292749657
100,0.655,0.441860465116279
100,0.665,0.4842681258549931
100,0.675,0.414500683994528
100,0.685,0.43228454172366615
100,0.6950000000000001,0.41860465116279066
100,0.7050000000000001,0.432284541723671
100,0.715,0.47606019151846785
100,0.725,0.4719562243502052
100,0.735,0.4623803009575923
100,0.745,0.44049247606019143
100,0.755,0.4363885088919288
100,0.765,0.4062927496580027
100,0.775,0.44322845417236656
100,0.785,0.43912448700410395
100,0.795,0.4733242134062927
100,0.805,0.4596443228454172
100,0.8150000000000001,0.38850889192886456
100,0.8250000000000001,0.3844049247606019
100,0.835,0.4350205198358461
100,0.845,0.41313269493844046
100,0.855,0.38714090287277697
100,0.865,0.4514363885088919
100,0.875,0.38987688098495205
100,0.885,0.41860465116279066
100,0.895,0.3994528043775649
100,0.905,0.4336525307797537
100,0.915,0.46101231190150477
100,0.925,0.829001367989056
100,0.935,0.6402188782489738
100,0.9450000000000001,0.33926128590971266
100,0.9550000000000001,0.33378932968536623
100,0.965,0.34610123119015046
100,0.975,0.3638850889192886
100,0.985,0.3926128590971272
100,0.995,1.0
